{"layer_sizes": [2, 3, 1], "activations": ["sigmoid", "sigmoid"], "learning_rate": 0.1, "weights": [{"rows": 3, "cols": 2, "data": [[-8.444196058140138, 13.281499096906137], [9.288170565319893, 9.303702981148293], [13.236509198896659, -8.271007430581989]]}, {"rows": 1, "cols": 3, "data": [[-8.364564917064804, 8.125962637438002, -8.36665687924078]]}], "biases": [{"rows": 3, "cols": 1, "data": [[2.1444799665077485], [-1.7384952319914504], [2.0019904113814517]]}, {"rows": 1, "cols": 1, "data": [[4.546248592782959]]}]}